{
  "generatedAt": "2026-04-17T19:52:38.282Z",
  "providers": {
    "aws": {
      "overall": {
        "30d": 100,
        "90d": 99.30555555555556,
        "180d": 99.1195987654321,
        "ytd": 99.41517670273151,
        "365d": 99.18762366818873,
        "2y": 99.59038717656013,
        "3y": 99.72692478437341,
        "5y": 99.83615487062406
      },
      "byCategory": {
        "compute": {
          "30d": 100,
          "90d": 99.72453703703704,
          "180d": 99.32908950617283,
          "ytd": 99.7680200920835,
          "365d": 99.51068302891933,
          "2y": 99.7519168569254,
          "3y": 99.83461123795027,
          "5y": 99.90076674277016
        },
        "storage": {
          "30d": 100,
          "90d": 99.9320987654321,
          "180d": 99.60262345679011,
          "ytd": 99.94281727760041,
          "365d": 99.80403348554033,
          "2y": 99.90201674277017,
          "3y": 99.93467782851344,
          "5y": 99.96080669710807
        },
        "networking": {
          "30d": 100,
          "90d": 99.44598765432099,
          "180d": 99.35956790123457,
          "ytd": 99.53344096951248,
          "365d": 99.57534246575342,
          "2y": 99.78424657534246,
          "3y": 99.85616438356163,
          "5y": 99.91369863013698
        },
        "database": {
          "30d": 100,
          "90d": 99.90123456790123,
          "180d": 99.5871913580247,
          "ytd": 99.91682513105515,
          "365d": 99.6476407914764,
          "2y": 99.82039573820396,
          "3y": 99.88026382546931,
          "5y": 99.92815829528159
        },
        "ai-ml": {
          "30d": 100,
          "90d": 99.84645061728395,
          "180d": 99.55979938271605,
          "ytd": 99.8706890709373,
          "365d": 99.59379756468797,
          "2y": 99.79689878234399,
          "3y": 99.86459918822933,
          "5y": 99.9187595129376
        },
        "security": {
          "30d": 100,
          "90d": 99.90123456790123,
          "180d": 99.5871913580247,
          "ytd": 99.91682513105515,
          "365d": 99.72241248097411,
          "2y": 99.86120624048706,
          "3y": 99.90747082699137,
          "5y": 99.94448249619482
        },
        "analytics": {
          "30d": 100,
          "90d": 99.84645061728395,
          "180d": 99.55979938271605,
          "ytd": 99.8706890709373,
          "365d": 99.73630136986301,
          "2y": 99.8681506849315,
          "3y": 99.912100456621,
          "5y": 99.9472602739726
        },
        "devtools": {
          "30d": 100,
          "90d": 99.94521604938271,
          "180d": 99.43942901234568,
          "ytd": 99.95386393988215,
          "365d": 99.72355403348554,
          "2y": 99.86177701674276,
          "3y": 99.90785134449519,
          "5y": 99.94471080669712
        },
        "messaging": {
          "30d": 100,
          "90d": 100,
          "180d": 99.63657407407408,
          "ytd": 100,
          "365d": 99.70417617960426,
          "2y": 99.85208808980212,
          "3y": 99.90139205986807,
          "5y": 99.94083523592084
        },
        "management": {
          "30d": 100,
          "90d": 99.94521604938271,
          "180d": 99.60918209876543,
          "ytd": 99.95386393988215,
          "365d": 99.75513698630138,
          "2y": 99.87414383561644,
          "3y": 99.91609589041096,
          "5y": 99.94965753424657
        },
        "other": {
          "30d": 100,
          "90d": 99.51388888888889,
          "180d": 99.22376543209876,
          "ytd": 99.59062369191206,
          "365d": 99.30044710806698,
          "2y": 99.64679889649925,
          "3y": 99.76453259766616,
          "5y": 99.8587195585997
        }
      }
    },
    "azure": {
      "overall": {
        "30d": 100,
        "90d": 97.39660493827161,
        "180d": 98.14274691358025,
        "ytd": 97.8075624389068,
        "365d": 98.52454337899543,
        "2y": 98.78291476407914,
        "3y": 99.18860984271943,
        "5y": 99.51316590563167
      },
      "byCategory": {
        "compute": {
          "30d": 100,
          "90d": 98.33179012345678,
          "180d": 99.16589506172839,
          "ytd": 98.59512447922837,
          "365d": 99.5886605783866,
          "2y": 99.7943302891933,
          "3y": 99.8628868594622,
          "5y": 99.91773211567731
        },
        "storage": {
          "30d": 100,
          "90d": 100,
          "180d": 100,
          "ytd": 100,
          "365d": 100,
          "2y": 100,
          "3y": 100,
          "5y": 100
        },
        "networking": {
          "30d": 100,
          "90d": 100,
          "180d": 100,
          "ytd": 100,
          "365d": 99.90296803652969,
          "2y": 99.90601217656013,
          "3y": 99.93734145104008,
          "5y": 99.96240487062404
        },
        "database": {
          "30d": 100,
          "90d": 98.88888888888889,
          "180d": 99.44444444444444,
          "ytd": 99.06428272437043,
          "365d": 99.72602739726028,
          "2y": 99.86301369863013,
          "3y": 99.90867579908675,
          "5y": 99.94520547945206
        },
        "ai-ml": {
          "30d": 100,
          "90d": 100,
          "180d": 100,
          "ytd": 100,
          "365d": 100,
          "2y": 99.86301369863013,
          "3y": 99.90867579908675,
          "5y": 99.94520547945206
        },
        "security": {
          "30d": 100,
          "90d": 98.88888888888889,
          "180d": 99.44444444444444,
          "ytd": 99.06428272437043,
          "365d": 99.72602739726028,
          "2y": 99.86301369863013,
          "3y": 99.90867579908675,
          "5y": 99.94520547945206
        },
        "analytics": {
          "30d": 100,
          "90d": 98.88888888888889,
          "180d": 99.44444444444444,
          "ytd": 99.06428272437043,
          "365d": 99.72602739726028,
          "2y": 99.86301369863013,
          "3y": 99.90867579908675,
          "5y": 99.94520547945206
        },
        "devtools": {
          "30d": 100,
          "90d": 98.88888888888889,
          "180d": 99.44444444444444,
          "ytd": 99.06428272437043,
          "365d": 99.72602739726028,
          "2y": 99.86301369863013,
          "3y": 99.90867579908675,
          "5y": 99.94520547945206
        },
        "messaging": {
          "30d": 100,
          "90d": 98.88888888888889,
          "180d": 99.44444444444444,
          "ytd": 99.06428272437043,
          "365d": 99.72602739726028,
          "2y": 99.86301369863013,
          "3y": 99.90867579908675,
          "5y": 99.94520547945206
        },
        "management": {
          "30d": 100,
          "90d": 98.88888888888889,
          "180d": 99.44444444444444,
          "ytd": 99.06428272437043,
          "365d": 99.72602739726028,
          "2y": 99.86301369863013,
          "3y": 99.90867579908675,
          "5y": 99.94520547945206
        },
        "other": {
          "30d": 100,
          "90d": 97.39660493827161,
          "180d": 98.14274691358025,
          "ytd": 97.8075624389068,
          "365d": 98.57572298325724,
          "2y": 98.99096270928463,
          "3y": 99.32730847285642,
          "5y": 99.59638508371384
        }
      }
    },
    "gcp": {
      "overall": {
        "30d": 100,
        "90d": 99.90895061728395,
        "180d": 99.95447530864197,
        "ytd": 99.92332316769146,
        "365d": 99.76940639269407,
        "2y": 94.66799847792998,
        "3y": 90.09652460679858,
        "5y": 88.41628614916286
      },
      "byCategory": {
        "compute": {
          "30d": 100,
          "90d": 100,
          "180d": 100,
          "ytd": 100,
          "365d": 99.79185692541857,
          "2y": 99.2275494672755,
          "3y": 98.36783358701166,
          "5y": 96.97549467275495
        },
        "storage": {
          "30d": 100,
          "90d": 100,
          "180d": 100,
          "ytd": 100,
          "365d": 99.89117199391173,
          "2y": 99.62404870624049,
          "3y": 99.44292237442922,