{
  "generatedAt": "2026-04-28T08:36:47.048Z",
  "providers": {
    "aws": {
      "overall": {
        "30d": 99.20601851851852,
        "90d": 99.04089506172839,
        "180d": 99.5204475308642,
        "ytd": 99.26448304541742,
        "365d": 99.12236491628616,
        "2y": 99.55775780060883,
        "3y": 99.70517186707255,
        "5y": 99.82310312024353
      },
      "byCategory": {
        "compute": {
          "30d": 99.20601851851852,
          "90d": 99.45987654320987,
          "180d": 99.72993827160494,
          "ytd": 99.5857909346679,
          "365d": 99.44542427701674,
          "2y": 99.71928748097413,
          "3y": 99.81285832064941,
          "5y": 99.88771499238965
        },
        "storage": {
          "30d": 100,
          "90d": 99.9320987654321,
          "180d": 99.96604938271605,
          "ytd": 99.9479280032154,
          "365d": 99.80403348554033,
          "2y": 99.90201674277017,
          "3y": 99.93467782851344,
          "5y": 99.96080669710807
        },
        "networking": {
          "30d": 99.90972222222221,
          "90d": 99.41589506172839,
          "180d": 99.70794753086419,
          "ytd": 99.55206248220514,
          "365d": 99.56792237442922,
          "2y": 99.78053652968036,
          "3y": 99.85369101978691,
          "5y": 99.91221461187214
        },
        "database": {
          "30d": 99.90972222222221,
          "90d": 99.87114197530865,
          "180d": 99.93557098765432,
          "ytd": 99.90118155155649,
          "365d": 99.6402207001522,
          "2y": 99.81668569254187,
          "3y": 99.87779046169457,
          "5y": 99.92667427701674
        },
        "ai-ml": {
          "30d": 100,
          "90d": 99.84645061728395,
          "180d": 99.92322530864197,
          "ytd": 99.88224627999844,
          "365d": 99.59379756468797,
          "2y": 99.79689878234399,
          "3y": 99.86459918822933,
          "5y": 99.9187595129376
        },
        "security": {
          "30d": 100,
          "90d": 99.90123456790123,
          "180d": 99.95061728395062,
          "ytd": 99.92425891376784,
          "365d": 99.72241248097411,
          "2y": 99.86120624048706,
          "3y": 99.90747082699137,
          "5y": 99.94448249619482
        },
        "analytics": {
          "30d": 99.90972222222221,
          "90d": 99.81635802469135,
          "180d": 99.90817901234567,
          "ytd": 99.85916891778707,
          "365d": 99.72888127853882,
          "2y": 99.8644406392694,
          "3y": 99.90962709284628,
          "5y": 99.94577625570777
        },
        "devtools": {
          "30d": 99.90972222222221,
          "90d": 99.91512345679013,
          "180d": 99.95756172839506,
          "ytd": 99.93491000401924,
          "365d": 99.71613394216135,
          "2y": 99.85806697108067,
          "3y": 99.90537798072044,
          "5y": 99.94322678843227
        },
        "messaging": {
          "30d": 99.90972222222221,
          "90d": 99.9699074074074,
          "180d": 99.98495370370371,
          "ytd": 99.97692263778863,
          "365d": 99.69675608828007,
          "2y": 99.84837804414002,
          "3y": 99.89891869609335,
          "5y": 99.93935121765601
        },
        "management": {
          "30d": 99.90972222222221,
          "90d": 99.91512345679013,
          "180d": 99.95756172839506,
          "ytd": 99.93491000401924,
          "365d": 99.74771689497717,
          "2y": 99.87043378995433,
          "3y": 99.91362252663623,
          "5y": 99.94817351598174
        },
        "other": {
          "30d": 99.90972222222221,
          "90d": 99.4837962962963,
          "180d": 99.74189814814814,
          "ytd": 99.60413447898975,
          "365d": 99.29302701674277,
          "2y": 99.64308885083713,
          "3y": 99.76205923389142,
          "5y": 99.85723554033486
        }
      }
    },
    "azure": {
      "overall": {
        "30d": 98.22916666666667,
        "90d": 96.80632716049384,
        "180d": 97.84760802469135,
        "ytd": 97.55084096941486,
        "365d": 98.37899543378995,
        "2y": 98.7101407914764,
        "3y": 99.14009386098427,
        "5y": 99.48405631659057
      },
      "byCategory": {
        "compute": {
          "30d": 100,
          "90d": 98.33179012345678,
          "180d": 99.16589506172839,
          "ytd": 98.72068571535998,
          "365d": 99.5886605783866,
          "2y": 99.7943302891933,
          "3y": 99.8628868594622,
          "5y": 99.91773211567731
        },
        "storage": {
          "30d": 100,
          "90d": 100,
          "180d": 100,
          "ytd": 100,
          "365d": 100,
          "2y": 100,
          "3y": 100,
          "5y": 100
        },
        "networking": {
          "30d": 100,
          "90d": 100,
          "180d": 100,
          "ytd": 100,
          "365d": 99.90296803652969,
          "2y": 99.90601217656013,
          "3y": 99.93734145104008,
          "5y": 99.96240487062404
        },
        "database": {
          "30d": 100,
          "90d": 98.88888888888889,
          "180d": 99.44444444444444,
          "ytd": 99.14791277988823,
          "365d": 99.72602739726028,
          "2y": 99.86301369863013,
          "3y": 99.90867579908675,
          "5y": 99.94520547945206
        },
        "ai-ml": {
          "30d": 100,
          "90d": 100,
          "180d": 100,
          "ytd": 100,
          "365d": 100,
          "2y": 99.86301369863013,
          "3y": 99.90867579908675,
          "5y": 99.94520547945206
        },
        "security": {
          "30d": 100,
          "90d": 98.88888888888889,
          "180d": 99.44444444444444,
          "ytd": 99.14791277988823,
          "365d": 99.72602739726028,
          "2y": 99.86301369863013,
          "3y": 99.90867579908675,
          "5y": 99.94520547945206
        },
        "analytics": {
          "30d": 100,
          "90d": 98.88888888888889,
          "180d": 99.44444444444444,
          "ytd": 99.14791277988823,
          "365d": 99.72602739726028,
          "2y": 99.86301369863013,
          "3y": 99.90867579908675,
          "5y": 99.94520547945206
        },
        "devtools": {
          "30d": 100,
          "90d": 98.88888888888889,
          "180d": 99.44444444444444,
          "ytd": 99.14791277988823,
          "365d": 99.72602739726028,
          "2y": 99.86301369863013,
          "3y": 99.90867579908675,
          "5y": 99.94520547945206
        },
        "messaging": {
          "30d": 100,
          "90d": 98.88888888888889,
          "180d": 99.44444444444444,
          "ytd": 99.14791277988823,
          "365d": 99.72602739726028,
          "2y": 99.86301369863013,
          "3y": 99.90867579908675,
          "5y": 99.94520547945206
        },
        "management": {
          "30d": 100,
          "90d": 98.88888888888889,
          "180d": 99.44444444444444,
          "ytd": 99.14791277988823,
          "365d": 99.72602739726028,
          "2y": 99.86301369863013,
          "3y": 99.90867579908675,
          "5y": 99.94520547945206
        },
        "other": {
          "30d": 98.22916666666667,
          "90d": 96.80632716049384,
          "180d": 97.84760802469135,
          "ytd": 97.55084096941486,
          "365d": 98.43017503805174,
          "2y": 98.91818873668188,
          "3y": 99.27879249112127,
          "5y": 99.56727549467276
        }
      }
    },
    "gcp": {
      "overall": {
        "30d": 100,
        "90d": 99.90895061728395,
        "180d": 99.95447530864197,
        "ytd": 99.93017618612973,
        "365d": 99.76940639269407,
        "2y": 94.97536149162862,
        "3y": 90.38559107052258,
        "5y": 88.41628614916286
      },
      "byCategory": {
        "compute": {
          "30d": 100,
          "90d": 100,
          "180d": 100,
          "ytd": 100,
          "365d": 99.79185692541857,
          "2y": 99.2275494672755,
          "3y": 98.5222602739726,
          "5y": 96.97549467275495
        },